trip_duration,distance_traveled,num_of_passengers,fare,tip,miscellaneous_fees,total_fare,surge_applied
509,3.99,1,8.78,1.04,3.49,13.31,1
1409,5.13,1,16.09,3.9,3.47,23.46,1
752,2.17,1,9.26,0.0,0.78,10.04,0
135,0.77,1,3.9,0.0,1.27,5.17,0
1737,9.38,1,23.4,5.46,3.96,32.82,1
1752,9.7,1,23.4,2.86,4.5,30.76,1
1205,11.86,1,21.45,0.0,1.27,22.72,0
39,0.23,1,2.44,0.0,1.27,3.71,0
657,2.83,1,9.26,2.47,0.83,12.56,0
1117,4.14,1,12.68,0.0,0.78,13.46,0
335,1.35,5,5.85,2.08,4.41,12.34,1
686,7.35,1,14.62,3.25,1.78,19.65,0
1372,6.45,1,16.58,0.0,0.29,16.87,0
1030,6.76,1,13.65,1.95,3.95,19.55,1
1287,7.84,1,18.53,1.95,0.78,21.26,0
640,2.48,6,8.29,0.0,0.78,9.07,0
441,1.32,1,6.34,1.04,0.72,8.1,0
451,1.59,1,6.34,0.0,1.76,8.1,0
566,2.43,1,7.8,1.69,0.81,10.3,0
1465,11.56,1,23.4,4.94,3.4,31.74,1
1951,7.07,1,20.96,4.29,0.84,26.09,0
798,4.67,1,11.21,4.94,3.4,19.55,1
1483,3.65,1,15.6,2.08,0.84,18.52,0
1915,5.57,1,19.5,1.95,0.78,22.23,0
759,3.94,1,10.72,0.0,0.78,11.5,0
1385,10.93,1,22.42,5.98,7.1,35.5,0
344,1.48,1,5.85,0.0,1.76,7.61,0
509,3.43,1,8.29,2.34,3.47,14.1,1
752,4.18,1,10.24,0.0,3.46,13.7,1
1678,13.95,1,27.79,6.37,3.93,38.09,1
343,4.06,1,8.78,0.0,0.78,9.56,0
393,2.64,1,6.82,0.0,0.78,7.6,0
585,1.96,1,7.8,3.9,1.76,13.46,0
881,3.6,1,11.21,2.99,3.41,17.61,1
406,1.51,1,6.34,0.0,0.78,7.12,0
64,0.24,1,2.92,0.0,0.78,3.7,0
336,1.83,1,5.85,2.08,4.41,12.34,1
778,3.6,1,10.24,1.04,4.37,15.65,1
687,3.99,1,10.24,1.95,0.78,12.97,0
383,1.67,1,6.34,1.04,1.2,8.58,0
406,2.41,1,7.31,0.0,0.78,8.09,0
596,3.54,1,9.26,2.08,1.29,12.63,0
1046,4.75,2,13.16,1.95,3.46,18.57,1
368,1.29,1,5.36,0.0,0.78,6.14,0
1167,4.67,1,14.62,1.43,4.47,20.52,1
849,4.28,1,11.21,0.0,0.78,11.99,0
715,4.02,1,10.24,2.34,1.22,13.8,0
616,3.81,1,10.24,1.95,3.95,16.14,1
1372,6.42,1,16.09,4.94,3.4,24.43,1
210,0.63,1,3.9,0.0,1.76,5.66,0
423,1.72,1,6.34,1.43,0.77,8.54,0
756,9.19,5,17.06,3.9,0.78,21.74,0
413,3.54,1,8.78,0.0,0.78,9.56,0
495,6.12,2,12.19,1.95,0.78,14.92,0
424,2.09,1,6.82,2.34,1.32,10.48,0
583,2.12,1,7.8,1.95,0.78,10.53,0
1437,5.36,1,17.06,3.51,0.84,21.41,0
333,1.8,1,5.85,1.56,1.72,9.13,0
583,2.08,1,7.31,1.56,0.84,9.71,0
228,0.85,1,4.39,1.3,0.77,6.46,0
2324,6.98,1,23.4,4.81,0.81,29.02,0
1131,4.1,1,13.16,2.99,1.75,17.9,0
335,1.58,1,5.85,1.56,4.42,11.83,1
342,1.61,1,5.85,1.95,1.71,9.51,0
571,2.33,1,8.29,2.21,0.83,11.33,0
868,3.77,1,11.21,0.0,0.78,11.99,0
2875,4.92,2,26.81,0.0,1.27,28.08,0
933,2.93,1,11.21,0.0,0.78,11.99,0
1709,9.46,1,22.91,7.15,0.74,30.8,0
816,5.87,2,13.16,2.73,0.84,16.73,0
284,0.63,1,4.39,0.0,1.76,6.15,0
1647,5.55,1,17.55,0.0,4.44,21.99,1
1671,6.34,1,19.01,0.0,3.46,22.47,1
388,1.63,1,5.85,1.43,1.26,8.54,0
546,2.25,1,7.8,0.0,0.78,8.58,0
1069,5.57,1,13.65,3.64,4.41,21.7,1
1616,13.45,6,26.32,0.0,3.46,29.78,1
414,2.19,1,6.82,2.34,0.72,9.88,0
1937,8.51,1,21.94,5.07,3.47,30.48,1
1719,13.44,1,26.81,1.95,3.46,32.22,1
699,2.46,3,8.78,2.08,1.78,12.64,0
846,3.14,1,10.24,2.21,0.77,13.22,0
1095,4.26,1,12.68,3.25,3.44,19.37,1
11,13.44,1,50.7,0.0,0.78,51.48,0
1210,11.46,1,21.45,1.95,0.78,24.18,0
601,2.46,1,8.78,1.95,4.47,15.2,1
530,2.57,1,7.31,1.95,3.46,12.72,1
2289,21.2,1,39.98,9.49,7.69,57.16,0
1074,5.68,1,14.14,3.51,3.47,21.12,1
281,0.84,1,4.88,0.0,1.76,6.64,0
1204,6.63,1,16.09,0.0,3.46,19.55,1
1163,6.69,1,16.58,0.0,0.78,17.36,0
190,1.0,1,4.39,1.04,0.77,6.2,0
1611,10.06,1,22.91,7.15,0.74,30.8,0
632,2.11,2,8.29,0.0,1.76,10.05,0
346,1.0,6,5.36,0.0,0.78,6.14,0
450,3.25,6,8.78,0.0,1.27,10.05,0
1161,26.26,5,50.7,14.3,6.72,71.72,0
894,6.24,1,14.14,1.95,1.27,17.36,0
1762,6.24,2,19.01,4.94,0.79,24.74,0
250,1.48,5,5.36,1.82,3.41,10.59,1
1313,9.33,2,20.48,1.95,4.44,26.87,1
406,2.67,1,7.31,0.0,0.78,8.09,0
275,1.32,1,5.36,1.69,1.72,8.77,0
515,1.38,1,6.82,1.95,0.73,9.5,0
1074,5.07,2,14.14,2.99,0.77,17.9,0
632,2.7,1,8.29,0.0,0.78,9.07,0
274,0.77,1,4.88,0.0,0.78,5.66,0
743,3.83,1,10.24,1.95,3.46,15.65,1
3293,12.3,1,35.1,0.0,3.46,38.56,1
517,3.62,1,8.78,1.04,3.4,13.22,1
928,4.6,1,12.68,0.0,0.78,13.46,0
314,0.85,1,4.88,1.43,0.76,7.07,0
627,2.7,1,8.29,0.0,0.78,9.07,0
520,2.53,1,7.31,0.0,0.78,8.09,0
2351,16.45,1,34.61,3.9,3.46,41.97,1
643,2.0,1,8.29,2.34,3.47,14.1,1
172,0.64,1,3.9,0.0,0.78,4.68,0
1718,12.39,1,26.32,0.0,3.46,29.78,1
1138,8.05,1,16.58,0.0,3.46,20.04,1
336,1.45,1,5.36,1.43,1.75,8.54,0
1351,6.12,1,16.09,5.07,4.49,25.65,1
221,1.3,1,4.39,0.0,1.76,6.15,0
1194,12.52,1,23.4,6.11,7.17,36.68,0
587,3.11,5,8.78,0.0,0.78,9.56,0
428,1.77,1,6.34,1.82,0.73,8.89,0
784,3.64,1,10.72,2.34,1.33,14.39,0
3386,23.03,1,46.31,4.94,3.4,54.65,1
706,2.9,1,8.78,2.47,3.43,14.68,1
547,2.56,1,7.8,1.69,0.81,10.3,0
171,1.16,1,4.39,1.17,1.81,7.37,0
388,2.11,1,6.34,0.0,3.46,9.8,1
844,3.78,1,10.24,0.0,3.46,13.7,1
1416,2.9,1,14.62,0.0,1.76,16.38,0
921,6.16,1,13.65,3.51,3.41,20.57,1
734,9.27,1,17.06,3.51,0.84,21.41,0
368,2.19,1,6.34,1.17,1.79,9.3,0
800,4.44,1,11.21,3.12,4.45,18.78,1
725,8.53,1,16.09,3.51,1.81,21.41,0
1097,4.02,1,13.16,0.0,0.78,13.94,0
1083,7.03,1,16.09,3.51,1.23,20.83,0
1478,5.42,1,16.58,4.29,0.83,21.7,0
919,8.45,1,17.55,4.16,3.5,25.21,1
335,0.97,1,5.36,0.0,1.76,7.12,0
511,2.09,1,7.31,0.52,0.83,8.66,0
1468,6.12,1,16.58,0.0,4.44,21.02,1
194,1.13,1,4.39,4.94,0.72,10.05,0
519,2.37,1,7.31,3.64,1.82,12.77,0
297,1.85,5,5.85,0.0,0.78,6.63,0
1269,10.98,1,22.91,6.63,3.42,32.96,1
1023,4.12,1,12.19,0.0,3.46,15.65,1
1540,3.75,1,15.6,0.0,1.76,17.36,0
824,5.07,1,12.68,2.08,3.9,18.66,1
2699,9.4,1,29.25,2.86,4.5,36.61,1
636,3.86,1,10.24,0.0,3.95,14.19,1
1098,2.59,1,8.78,0.0,0.78,9.56,0
414,2.56,1,7.31,0.0,1.27,8.58,0
1065,4.6,1,13.16,0.0,0.78,13.94,0
285,1.32,1,4.88,5.85,1.76,12.49,0
660,1.3,1,7.8,0.0,0.78,8.58,0
313,1.77,1,5.85,0.0,1.76,7.61,0
3112,11.73,1,32.18,4.94,0.72,37.84,0
629,2.57,2,8.78,0.0,1.76,10.54,0
1031,3.7,1,12.19,2.86,4.4,19.45,1
1240,6.65,1,16.58,0.0,1.28,17.86,0
604,2.27,1,8.29,0.0,0.78,9.07,0
2930,14.64,1,34.61,0.0,3.46,38.07,1
380,1.38,6,5.85,0.0,0.78,6.63,0
517,1.93,1,6.82,1.95,0.73,9.5,0
1695,8.06,1,20.96,4.29,0.84,26.09,0
664,2.74,1,8.78,2.34,0.83,11.95,0
851,3.3,1,10.24,0.0,3.46,13.7,1
191,1.77,1,5.36,1.95,1.27,8.58,0
584,2.25,1,7.8,2.21,1.3,11.31,0
495,2.67,6,7.8,1.04,0.72,9.56,0
1320,5.79,1,16.58,0.0,1.27,17.85,0
322,1.29,4,5.36,2.47,1.72,9.55,0
169,0.64,1,3.9,0.0,0.78,4.68,0
862,5.05,1,13.16,2.99,1.75,17.9,0
1864,10.27,1,23.89,5.46,3.47,32.82,1
380,1.38,1,5.85,0.0,1.76,7.61,0
1555,12.6,1,25.84,8.19,1.21,35.24,0
1725,7.32,1,20.48,0.0,1.76,22.24,0
1015,4.35,1,12.68,3.25,3.44,19.37,1
1120,5.66,1,15.11,2.86,3.53,21.5,1
2047,21.36,1,39.0,1.95,7.17,48.12,0
727,4.22,1,10.72,3.51,3.5,17.73,1
445,1.77,3,6.34,0.0,4.44,10.78,1
321,1.45,1,5.36,1.04,1.79,8.19,0
829,3.22,1,10.72,2.86,0.8,14.38,0
774,5.38,1,12.19,4.03,3.96,20.18,1
459,2.54,1,7.31,1.95,0.78,10.04,0
632,2.43,1,8.29,2.73,0.77,11.79,0
622,5.79,1,12.19,4.03,3.96,20.18,1
396,1.67,1,6.34,0.0,0.78,7.12,0
2122,15.37,1,33.15,0.0,0.78,33.93,0
844,3.22,1,10.72,3.12,4.49,18.33,1
814,9.98,1,18.53,0.0,1.76,20.29,0
619,4.68,1,11.21,0.0,3.95,15.16,1
808,2.95,1,9.75,2.86,4.41,17.02,1
612,2.43,1,8.29,1.95,3.46,13.7,1
105,0.64,4,3.41,1.69,3.48,8.58,1
511,1.77,1,6.82,1.95,0.73,9.5,0
1209,5.12,5,14.62,0.0,3.46,18.08,1
159,1.56,1,4.88,0.0,0.78,5.66,0
361,2.25,2,6.34,0.0,1.27,7.61,0
2316,5.65,1,23.4,0.0,1.76,25.16,0
1004,5.42,1,13.65,5.07,3.52,22.24,1
1207,3.7,1,13.65,3.12,1.71,18.48,0
1980,9.72,6,22.91,0.0,0.78,23.69,0
1043,3.33,3,11.7,0.0,0.78,12.48,0
992,3.09,1,11.21,0.0,3.46,14.67,1
482,2.56,1,7.31,1.04,3.4,11.75,1
901,5.84,1,13.65,3.38,3.5,20.53,1
578,2.19,1,7.8,0.0,0.78,8.58,0
1275,6.26,6,16.09,5.85,9.85,31.79,1
185,0.76,1,3.9,0.0,0.78,4.68,0
510,3.54,1,8.29,0.0,0.78,9.07,0
1188,5.63,2,14.62,0.0,0.78,15.4,0
176,0.97,1,4.39,1.04,0.76,6.19,0
2408,13.05,1,29.74,4.94,3.5,38.18,1
1584,5.99,2,18.04,0.0,4.44,22.48,1
1785,6.76,1,19.99,4.94,4.38,29.31,1
497,1.71,1,6.82,0.0,1.76,8.58,0
1083,8.34,2,43.88,0.0,0.29,44.17,0
561,2.53,1,7.8,0.26,0.72,8.78,0
505,2.98,1,7.8,1.82,1.26,10.88,0
492,2.0,1,6.82,2.08,3.44,12.34,1
324,1.61,1,5.85,0.0,1.76,7.61,0
1055,6.12,1,15.11,1.04,0.72,16.87,0
230,0.87,6,4.39,0.0,0.78,5.17,0
1183,3.72,5,13.16,2.86,3.53,19.55,1
995,4.51,1,12.68,3.25,3.43,19.36,1
1103,4.51,2,13.16,0.0,3.46,16.62,1
57,0.42,1,29.25,5.85,0.35,35.45,0
864,4.84,1,12.19,0.0,3.46,15.65,1
777,3.17,2,10.24,0.0,0.78,11.02,0
456,1.72,1,6.34,1.95,3.47,11.76,1
2069,18.33,5,34.61,0.0,3.46,38.07,1
1078,4.25,1,12.68,0.0,3.46,16.14,1
704,3.59,1,9.26,1.95,0.84,12.05,0
1137,4.35,1,12.68,0.0,1.76,14.44,0
1007,6.07,1,14.14,0.0,4.44,18.58,1
299,0.97,1,4.88,1.04,1.2,7.12,0
373,1.21,1,5.85,0.0,3.46,9.31,1
1784,6.68,1,19.01,0.0,3.46,22.47,1
1935,13.55,2,30.22,6.24,1.33,37.79,0
1011,3.69,1,11.7,0.0,4.44,16.14,1
1905,9.96,1,24.38,3.9,4.44,32.72,1
186,0.82,1,3.9,0.0,4.44,8.34,1
796,4.63,1,11.21,0.0,1.76,12.97,0
612,3.44,1,9.26,0.0,3.95,13.21,1
668,2.56,3,8.78,0.0,0.78,9.56,0
1495,8.63,1,20.48,4.81,3.44,28.73,1
613,2.27,1,7.8,2.73,1.26,11.79,0
957,5.44,1,13.65,1.04,0.75,15.44,0
497,3.15,1,8.29,0.0,3.46,11.75,1
316,1.35,1,5.36,0.0,0.78,6.14,0
485,1.66,1,6.82,0.0,0.78,7.6,0
839,4.02,1,11.21,3.12,4.44,18.77,1
748,10.69,1,19.01,0.0,0.78,19.79,0
1331,5.52,1,16.09,1.04,0.72,17.85,0
1171,4.88,1,14.14,0.0,0.78,14.92,0
734,6.31,1,13.16,3.77,1.71,18.64,0
1048,4.18,1,12.68,0.0,1.76,14.44,0
527,2.59,1,8.29,0.0,0.78,9.07,0
959,7.64,1,15.6,0.0,0.78,16.38,0
536,1.96,1,7.31,1.56,0.84,9.71,0
916,7.81,1,15.6,3.51,1.72,20.83,0
839,3.98,1,11.21,0.0,3.95,15.16,1
471,2.25,1,7.31,1.56,0.84,9.71,0
408,1.75,1,6.34,0.0,3.46,9.8,1
911,3.96,1,11.21,3.12,4.45,18.78,1
985,7.47,1,19.5,0.0,0.29,19.79,0
555,1.66,1,7.31,0.0,0.78,8.09,0
425,1.59,1,6.34,0.0,0.78,7.12,0
410,1.53,1,5.85,1.43,1.26,8.54,0
374,1.29,1,5.85,1.04,3.4,10.29,1
561,2.25,1,7.8,1.69,0.8,10.29,0
942,4.51,1,11.7,3.77,0.75,16.22,0
433,1.3,1,6.34,0.65,0.81,7.8,0
218,0.27,5,3.9,1.43,3.5,8.83,1
309,1.06,1,4.88,0.0,1.76,6.64,0
620,2.83,1,8.29,1.95,1.23,11.47,0
603,2.88,1,8.78,0.0,1.27,10.05,0
2527,32.49,2,55.58,0.0,1.27,56.85,0
414,2.22,5,6.82,0.0,1.27,8.09,0
491,1.96,6,6.82,0.0,0.78,7.6,0
395,2.22,1,6.82,1.56,0.74,9.12,0
510,2.57,1,7.8,0.0,1.76,9.56,0
841,3.59,1,10.24,1.95,0.78,12.97,0
1954,9.96,5,24.38,5.59,3.44,33.41,1
507,2.17,3,7.31,0.0,0.78,8.09,0
784,6.78,1,14.62,3.12,0.74,18.48,0
532,2.45,1,7.8,1.95,1.72,11.47,0
1350,4.86,1,15.6,0.0,3.46,19.06,1
1168,4.25,1,13.16,0.0,0.78,13.94,0
718,3.06,2,10.24,2.21,4.43,16.88,1
1490,9.61,1,19.5,0.0,3.95,23.45,1
263,1.46,1,5.36,0.0,0.78,6.14,0
179,0.93,1,3.9,0.91,0.81,5.62,0
603,3.22,1,8.78,2.99,1.25,13.02,0
685,9.67,1,17.06,3.64,1.29,21.99,0
1170,4.01,1,13.65,0.0,1.76,15.41,0
740,2.99,1,9.26,2.47,0.83,12.56,0
235,1.77,2,5.36,0.0,0.78,6.14,0
416,1.83,1,6.34,1.43,0.77,8.54,0
261,1.34,1,4.88,1.95,0.78,7.61,0
268,1.29,1,4.88,1.69,0.75,7.32,0
275,1.14,2,5.36,0.0,0.78,6.14,0
603,3.22,5,9.26,2.47,0.83,12.56,0
405,1.72,1,6.34,0.0,0.78,7.12,0
877,4.75,1,12.68,3.25,3.44,19.37,1
278,1.13,1,4.88,0.0,1.27,6.15,0
847,2.9,1,9.75,0.0,0.78,10.53,0
717,3.89,6,10.24,0.0,3.46,13.7,1
731,2.88,2,9.26,0.0,0.78,10.04,0
748,4.35,1,10.72,2.47,1.78,14.97,0
1328,11.17,1,22.91,5.33,3.41,31.65,1
31,0.29,1,2.44,0.0,1.27,3.71,0
301,1.32,1,5.36,2.08,1.81,9.25,0
178,0.92,1,4.39,1.17,1.81,7.37,0
248,5.52,1,10.72,0.0,0.78,11.5,0
370,1.71,1,6.34,1.56,1.81,9.71,0
180,0.64,1,3.9,2.21,3.44,9.55,1
922,9.33,1,24.38,0.0,0.29,24.67,0
422,2.56,1,7.31,0.0,1.27,8.58,0
1725,8.69,2,22.91,2.86,4.5,30.27,1
942,3.77,1,11.21,0.0,3.46,14.67,1
2431,11.27,1,28.28,0.0,0.78,29.06,0
2022,5.6,1,20.48,4.81,3.44,28.73,1
773,7.5,3,15.6,5.07,1.26,21.93,0
192,2.35,1,5.85,1.04,0.72,7.61,0
2451,7.4,1,25.35,0.0,0.78,26.13,0
795,8.58,1,16.58,4.29,0.83,21.7,0
1891,5.39,1,18.53,5.46,3.5,27.49,1
557,1.35,1,6.82,1.69,1.78,10.29,0
1241,9.0,1,19.99,4.94,4.38,29.31,1
471,2.3,1,7.31,2.21,3.99,13.51,1
820,2.83,1,10.24,0.0,0.78,11.02,0
684,3.28,1,9.75,2.08,0.81,12.64,0
1688,6.5,2,19.5,1.04,0.75,21.29,0
461,1.72,1,6.82,1.56,0.74,9.12,0
580,2.54,1,8.29,0.0,1.27,9.56,0
491,1.13,1,6.34,0.0,1.76,8.1,0
2116,6.39,1,21.94,0.0,3.46,25.4,1
1013,4.8,1,13.16,5.85,4.44,23.45,1
1343,11.83,4,24.38,0.0,7.17,31.55,0
1351,9.58,2,21.45,7.41,3.52,32.38,1
303,1.11,1,5.36,1.04,1.69,8.09,0
382,1.43,1,5.85,0.0,0.78,6.63,0
334,1.56,1,5.36,0.0,0.78,6.14,0
614,6.24,1,13.16,2.73,0.84,16.73,0
1119,13.47,1,23.89,4.94,0.77,29.6,0
1624,10.35,1,23.89,6.89,3.41,34.19,1
799,4.1,1,11.21,2.47,1.29,14.97,0
1248,4.99,2,15.11,5.85,4.46,25.42,1
368,2.67,1,7.31,0.0,0.78,8.09,0
1079,6.13,1,15.11,2.86,0.84,18.81,0
214,1.01,1,4.39,1.17,1.23,6.79,0
312,1.24,1,5.36,0.0,0.78,6.14,0
630,3.73,6,9.26,0.0,1.76,11.02,0
520,1.93,1,7.8,1.69,0.8,10.29,0
839,8.24,1,16.09,5.85,3.48,25.42,1
969,8.34,1,17.55,5.59,1.32,24.46,0
513,2.75,1,7.8,1.69,0.81,10.3,0
1389,9.04,1,20.48,3.9,3.46,27.84,1
633,0.97,1,7.8,0.0,1.76,9.56,0
426,1.71,1,6.34,1.43,0.77,8.54,0
442,1.77,1,6.34,0.0,1.27,7.61,0
2977,41.84,3,86.29,0.13,14.64,101.06,0
649,3.25,1,9.75,2.47,0.34,12.56,0
928,4.76,1,11.21,0.0,1.27,12.48,0
1319,3.43,4,14.14,0.0,0.78,14.92,0
597,4.25,1,9.75,3.25,3.52,16.52,1
3138,48.41,2,130.65,0.0,1.27,131.92,0
1289,6.76,2,17.06,4.16,3.41,24.63,1
1212,11.89,1,22.91,6.24,8.11,37.26,0
647,5.6,1,18.53,0.0,0.29,18.82,0
1643,6.41,1,19.01,2.08,3.53,24.62,1
437,2.75,1,7.31,1.56,0.84,9.71,0
1607,4.52,1,17.06,0.0,3.46,20.52,1
470,1.8,1,6.82,1.04,1.69,9.55,0
802,3.15,1,9.75,0.0,0.78,10.53,0
1454,6.84,1,18.04,3.77,0.77,22.58,0
2404,14.32,1,31.2,3.51,3.42,38.13,1
1719,15.29,2,63.38,0.0,0.78,64.16,0
442,1.54,1,6.34,0.0,0.78,7.12,0
2283,16.21,1,32.66,8.97,3.52,45.15,1
1094,4.52,2,13.16,0.0,3.46,16.62,1
308,1.4,1,4.88,0.0,1.76,6.64,0
734,3.03,1,9.75,0.0,3.46,13.21,1
572,2.09,1,7.8,0.0,0.78,8.58,0
1730,6.55,1,19.5,5.33,1.74,26.57,0
580,2.32,1,7.8,2.21,3.5,13.51,1
1337,13.02,1,25.35,8.19,1.7,35.24,0
2146,5.17,2,1.95,0.0,0.29,2.24,0
693,2.88,1,9.75,0.0,0.78,10.53,0
2683,17.33,1,37.54,7.67,0.77,45.98,0
764,4.43,1,10.72,0.0,0.78,11.5,0
383,1.93,1,6.34,1.95,0.78,9.07,0
550,5.78,1,12.19,2.47,0.75,15.41,0
355,1.45,1,5.85,1.43,1.26,8.54,0
366,2.12,1,6.34,1.56,1.81,9.71,0
860,3.69,1,10.72,3.51,3.5,17.73,1
835,3.6,1,10.72,2.86,3.44,17.02,1
861,4.47,1,12.19,2.73,1.81,16.73,0
163,1.11,1,4.39,2.86,1.33,8.58,0
791,2.57,3,9.26,1.95,0.78,11.99,0
1949,19.75,2,38.02,0.0,1.27,39.29,0
826,8.13,1,16.58,2.6,0.78,19.96,0
928,4.01,1,11.7,0.0,0.78,12.48,0
295,1.61,2,5.85,0.0,0.78,6.63,0
1217,12.36,1,23.4,3.9,1.76,29.06,0
716,3.27,1,9.75,2.73,1.29,13.77,0
887,5.23,1,13.16,0.0,0.78,13.94,0
954,10.96,1,20.48,6.89,7.19,34.56,0
467,1.75,1,6.34,1.56,1.81,9.71,0
1039,3.49,1,11.7,3.25,1.25,16.2,0
1140,9.06,1,19.01,0.0,4.44,23.45,1
814,3.75,1,10.72,4.29,3.42,18.43,1
425,2.16,1,6.34,1.43,0.77,8.54,0
519,2.09,1,7.31,1.56,0.84,9.71,0
3370,13.26,1,37.05,0.0,1.76,38.81,0
575,2.74,1,8.29,1.95,1.22,11.46,0
724,1.27,1,8.29,1.17,3.46,12.92,1
672,3.6,1,9.26,2.73,1.77,13.76,0
439,1.88,1,6.82,1.56,0.74,9.12,0
703,4.83,1,11.21,1.95,3.46,16.62,1
684,3.77,1,10.24,1.04,1.2,12.48,0
1292,10.69,1,20.48,0.0,4.44,24.92,1
1838,15.45,1,31.2,0.0,4.44,35.64,1
2747,12.28,1,31.2,0.0,1.76,32.96,0
426,2.59,1,7.31,1.82,1.75,10.88,0
397,1.64,1,6.34,1.43,0.77,8.54,0
1046,3.38,1,11.7,0.0,0.78,12.48,0
409,1.95,1,6.34,1.56,1.81,9.71,0
517,6.26,1,12.68,2.73,0.74,16.15,0
463,1.64,5,6.82,0.0,1.27,8.09,0
1165,5.81,1,15.6,0.0,3.46,19.06,1
375,1.82,1,5.85,1.17,0.8,7.82,0
95,0.66,1,3.41,0.0,1.76,5.17,0
916,4.72,1,12.68,3.38,4.48,20.54,1
781,4.18,1,11.21,1.95,1.27,14.43,0
1450,10.46,1,23.4,8.06,3.44,34.9,1
30,0.32,1,2.92,0.0,1.76,4.68,0
1437,6.39,1,17.55,1.95,3.46,22.96,1
1967,11.1,5,25.84,0.0,3.46,29.3,1
1256,5.36,1,15.11,0.0,0.78,15.89,0
294,1.51,1,5.36,2.08,1.81,9.25,0
1075,5.78,1,14.14,1.04,3.88,19.06,1
111,0.93,1,3.9,0.0,0.78,4.68,0
356,2.06,1,6.34,2.08,0.84,9.26,0
1115,3.96,1,12.68,2.86,3.53,19.07,1
182,0.8,1,3.9,0.0,1.76,5.66,0
1022,2.74,1,11.7,2.73,1.71,16.14,0
416,1.09,1,5.85,1.95,1.76,9.56,0
581,3.7,2,8.78,0.0,3.46,12.24,1
23,0.48,1,20.48,0.0,0.29,20.77,0
511,1.96,1,6.82,3.77,3.47,14.06,1
1046,3.86,1,12.68,0.0,3.46,16.14,1
461,1.37,1,6.34,0.0,0.78,7.12,0
291,2.03,1,5.85,1.56,1.72,9.13,0
347,1.37,1,5.36,0.0,1.76,7.12,0
1200,4.07,1,13.65,0.0,1.76,15.41,0
309,1.27,1,5.36,0.0,1.27,6.63,0
1527,30.74,1,49.24,0.0,9.85,59.09,1
1299,5.01,3,14.62,0.0,4.44,19.06,1
549,1.9,1,7.31,2.34,4.45,14.1,1
720,1.48,1,8.78,1.95,0.78,11.51,0
723,3.22,1,10.24,0.0,0.78,11.02,0
403,1.77,1,6.34,1.43,0.77,8.54,0
1271,6.28,1,16.09,3.9,3.47,23.46,1
607,2.93,1,8.78,0.0,0.78,9.56,0
499,2.17,1,7.31,0.0,0.78,8.09,0
852,2.08,1,9.75,0.0,1.76,11.51,0
466,2.06,1,6.82,0.0,0.78,7.6,0
1097,10.3,1,21.94,5.2,4.5,31.64,1
1617,6.18,1,18.04,2.86,3.53,24.43,1
534,2.2,1,7.8,0.0,0.78,8.58,0
441,1.93,1,6.82,0.0,0.78,7.6,0
1171,5.47,1,15.11,3.64,3.53,22.28,1
395,1.21,1,5.85,0.0,1.76,7.61,0
235,1.19,1,4.39,0.0,1.76,6.15,0
528,3.14,1,8.78,2.6,3.89,15.27,1
3058,9.82,2,31.2,6.63,1.71,39.54,0
2405,14.81,1,33.15,0.0,1.27,34.42,0
512,2.43,1,7.8,1.69,0.81,10.3,0
1902,10.78,1,25.35,5.72,3.49,34.56,1
139,0.48,1,3.41,0.0,1.76,5.17,0
845,4.35,1,12.19,1.04,0.72,13.95,0
342,1.93,1,5.85,1.04,4.37,11.26,1
45,4.18,2,9.75,0.0,0.0,9.75,0
405,2.01,1,6.34,1.04,0.72,8.1,0
677,2.49,1,8.78,3.12,3.4,15.3,1
651,1.87,2,7.8,2.34,1.8,11.94,0
929,8.64,1,17.06,4.16,3.41,24.63,1
489,1.83,1,6.82,0.0,0.78,7.6,0
629,2.25,2,7.8,1.69,0.81,10.3,0
1025,4.1,1,12.68,3.25,3.44,19.37,1
555,3.04,1,8.29,0.0,1.27,9.56,0
201,2.25,1,5.85,1.56,1.72,9.13,0
456,2.25,1,6.82,1.3,1.74,9.86,0
497,1.63,1,6.82,1.56,0.74,9.12,0
332,1.53,1,5.85,0.0,1.76,7.61,0
385,1.72,1,6.34,0.0,0.78,7.12,0
184,1.43,1,4.39,0.0,0.78,5.17,0
1056,5.44,1,14.14,0.0,0.78,14.92,0
980,12.1,2,31.2,7.93,0.24,39.37,0
1579,11.91,1,24.38,5.07,0.74,30.19,0
386,2.56,1,6.82,0.0,0.78,7.6,0
44,0.43,1,2.92,0.91,1.78,5.61,0
1073,4.18,1,12.68,2.86,0.84,16.38,0
1703,10.03,1,22.42,0.0,0.78,23.2,0
664,2.19,1,8.29,0.0,0.78,9.07,0
332,1.8,1,5.85,0.0,0.78,6.63,0
617,3.17,1,8.78,0.0,0.78,9.56,0
190,0.74,1,3.9,1.43,0.75,6.08,0
944,3.62,1,11.7,0.0,1.76,13.46,0
1779,11.54,2,25.84,0.0,0.78,26.62,0
246,1.29,3,4.88,1.3,0.84,7.02,0
478,2.27,1,7.31,0.0,0.78,8.09,0
373,2.56,1,6.82,2.08,3.44,12.34,1
874,4.97,2,12.68,0.0,3.95,16.63,1
1397,12.81,5,24.86,5.2,1.29,31.35,0
253,1.19,5,4.88,1.17,1.33,7.38,0
376,1.66,6,5.85,1.04,1.69,8.58,0
2054,4.3,1,19.99,0.0,1.76,21.75,0
2885,8.06,1,24.38,0.0,3.46,27.84,1
1292,7.1,1,24.38,4.94,0.29,29.61,0
676,4.04,5,10.24,1.95,0.78,12.97,0
416,3.03,1,7.8,0.0,0.78,8.58,0
453,3.41,1,7.8,0.0,0.78,8.58,0
168,0.98,1,3.9,1.17,1.72,6.79,0
576,2.04,1,7.8,2.21,3.5,13.51,1
1502,6.24,1,18.04,5.33,3.5,26.87,1
807,3.4,1,10.24,0.0,1.27,11.51,0
332,1.59,1,5.85,0.0,0.78,6.63,0
1407,15.87,1,27.79,2.86,1.82,32.47,0
695,2.25,1,8.29,0.0,0.78,9.07,0
458,1.56,1,6.34,0.0,0.78,7.12,0
1095,6.31,1,15.6,3.77,3.5,22.87,1
465,1.75,1,6.34,2.21,4.38,12.93,1
696,3.03,1,9.26,2.99,0.8,13.05,0
665,3.86,1,9.75,1.95,3.95,15.65,1
458,0.79,1,5.85,1.69,0.75,8.29,0
681,6.6,1,13.16,0.0,0.78,13.94,0
1846,5.75,1,18.04,0.0,3.46,21.5,1
492,2.46,1,7.31,0.0,0.78,8.09,0
369,1.38,1,5.85,0.0,0.78,6.63,0
2913,12.36,1,32.66,2.86,0.84,36.36,0
605,2.59,1,8.29,1.95,1.81,12.05,0
1449,3.91,1,14.62,0.0,0.78,15.4,0
711,4.2,5,10.72,0.0,3.46,14.18,1
1028,8.22,1,17.06,4.16,3.41,24.63,1
546,3.7,1,8.78,0.0,1.27,10.05,0
521,1.74,1,7.31,0.0,1.27,8.58,0
2916,28.05,1,50.7,9.75,6.68,67.13,0
443,2.9,1,7.31,1.69,1.28,10.28,0
1006,5.87,1,15.11,0.0,1.27,16.38,0
407,1.37,1,5.85,0.0,0.78,6.63,0
2375,11.83,2,29.74,6.63,3.47,39.84,1
1307,5.05,2,15.11,3.12,0.84,19.07,0
1266,5.28,1,15.11,3.77,3.41,22.29,1
357,1.45,1,5.85,0.0,0.78,6.63,0
1026,3.7,1,12.19,0.0,0.78,12.97,0
2446,6.57,2,24.86,0.0,0.78,25.64,0
434,2.01,1,6.34,2.08,3.93,12.35,1
424,3.22,1,7.8,2.34,3.96,14.1,1
1279,8.51,1,19.5,4.16,1.26,24.92,0
1510,10.77,1,22.42,4.68,1.33,28.43,0
525,4.3,1,9.75,0.0,3.95,13.7,1
749,4.3,6,10.72,2.99,3.89,17.6,1
2436,7.21,1,26.81,0.0,1.27,28.08,0
272,1.92,1,5.85,0.0,0.78,6.63,0
609,2.57,1,8.29,2.34,1.32,11.95,0
348,1.58,1,5.85,0.0,0.78,6.63,0
565,2.57,1,7.8,0.0,0.78,8.58,0
1453,13.04,1,25.35,0.0,0.78,26.13,0
1653,7.93,1,19.99,0.0,3.46,23.45,1
2127,10.15,1,87.75,17.55,0.35,105.65,0
608,3.07,5,8.78,0.0,0.78,9.56,0
480,0.63,1,5.85,0.0,0.78,6.63,0
1433,5.55,1,16.09,0.0,3.46,19.55,1
409,1.96,1,6.34,2.21,4.38,12.93,1
978,9.0,1,16.58,0.0,0.78,17.36,0
191,0.72,1,3.9,0.0,1.76,5.66,0
1030,11.68,1,21.94,0.0,3.95,25.89,1
511,3.48,1,8.29,0.0,3.95,12.24,1
1300,4.36,1,12.68,0.0,3.46,16.14,0
503,6.13,1,12.19,1.04,0.72,13.95,0
2091,8.95,1,23.4,5.33,3.5,32.23,1
1767,8.01,2,20.96,6.5,0.8,28.26,0
406,1.54,1,5.85,0.0,0.78,6.63,0
339,1.24,1,5.85,1.3,0.81,7.96,0
626,2.99,2,9.75,0.0,0.29,10.04,0
438,6.0,1,11.7,0.0,3.95,15.65,1
2469,11.75,1,27.3,5.72,4.43,37.45,1
1363,8.22,5,18.53,3.25,3.51,25.29,1
322,2.46,2,6.34,0.0,0.78,7.12,0
255,1.09,1,4.88,0.0,0.78,5.66,0
582,2.77,1,8.29,0.0,1.27,9.56,0
1363,5.76,1,16.09,1.95,3.46,21.5,1
491,1.53,1,7.31,1.56,0.84,9.71,0
355,1.74,1,5.85,1.95,0.82,8.62,0
845,3.23,3,10.24,0.0,3.46,13.7,1
301,1.27,1,5.36,0.0,0.78,6.14,0
394,2.01,1,6.34,0.0,0.78,7.12,0
573,2.72,1,8.29,0.0,3.46,11.75,1
569,2.45,1,7.8,1.04,4.37,13.21,1
1060,10.19,1,19.5,0.0,7.17,26.67,0
280,1.3,1,4.88,1.95,1.79,8.62,0
116,1.13,1,4.39,0.0,0.78,5.17,0
459,2.19,1,6.82,2.08,3.44,12.34,1
1614,11.8,1,24.86,0.0,3.46,28.32,1
509,1.48,1,6.82,2.08,3.44,12.34,1
359,1.45,1,5.85,0.13,0.8,6.78,0
181,0.9,1,4.39,0.0,0.78,5.17,0
568,2.96,1,7.8,1.95,1.76,11.51,0
720,3.32,1,9.26,0.0,1.76,11.02,0
454,3.15,1,7.8,2.21,3.5,13.51,1
71,0.35,1,2.92,0.0,1.27,4.19,0
1961,5.95,1,19.99,4.68,3.47,28.14,1
1532,6.26,1,17.06,4.29,4.45,25.8,1
603,4.15,1,11.21,0.0,0.78,11.99,0
610,2.37,1,8.29,0.0,0.78,9.07,0
367,4.07,1,9.26,0.0,0.78,10.04,0
76,2.74,1,2.92,0.0,1.76,4.68,0
517,1.56,1,7.31,1.17,0.78,9.26,0
1272,11.8,1,22.42,5.98,1.82,30.22,0
964,4.18,2,12.68,0.0,1.76,14.44,0
1011,4.67,1,12.68,1.95,4.44,19.07,1
1027,6.81,1,15.6,3.38,1.26,20.24,0
1541,7.66,1,18.53,0.0,0.78,19.31,0
1908,16.91,1,32.66,2.86,0.84,36.36,0
2121,18.68,1,37.05,0.0,1.27,38.32,0
550,1.71,1,7.31,0.0,0.78,8.09,0
818,2.99,1,10.24,0.0,0.78,11.02,0
1517,13.36,1,26.81,7.8,4.44,39.05,1
644,3.69,1,10.24,2.21,0.77,13.22,0
921,3.99,1,11.7,1.95,3.46,17.11,1
474,1.93,1,7.31,1.56,0.84,9.71,0
387,1.53,2,5.85,2.6,4.41,12.86,1
1069,4.41,1,12.68,4.03,3.47,20.18,1
1460,6.21,1,17.06,2.86,3.53,23.45,1
374,2.49,1,6.82,1.56,1.33,9.71,0
601,10.33,1,18.04,4.81,1.28,24.13,0
1092,6.81,1,15.6,3.51,1.72,20.83,0
586,1.71,1,7.8,2.08,0.84,10.72,0
2715,10.25,1,29.25,0.0,3.46,32.71,1
319,1.79,1,5.85,1.04,1.2,8.09,0
1237,2.14,1,13.16,2.73,0.84,16.73,0
563,1.87,1,7.8,0.0,0.78,8.58,0
550,3.57,1,8.78,1.56,1.21,11.55,0
407,1.45,1,6.34,1.43,0.77,8.54,0
1606,6.92,2,19.01,0.0,0.78,19.79,0
780,4.09,1,10.72,0.0,0.78,11.5,0
290,1.0,1,4.88,0.0,1.76,6.64,0
2567,8.53,1,27.3,5.85,1.72,34.87,0
1323,4.36,1,15.11,0.0,0.78,15.89,0
906,4.99,1,12.68,0.0,1.76,14.44,0
627,3.04,1,8.78,0.0,4.44,13.22,1
387,2.82,1,7.31,0.0,1.27,8.58,0
1404,17.54,1,31.69,8.45,10.29,50.43,1
1182,5.91,1,15.11,3.77,3.41,22.29,1
2108,7.4,2,23.4,0.0,4.44,27.84,1
663,3.85,1,10.24,3.51,1.21,14.96,0
333,1.71,1,5.85,0.0,0.78,6.63,0
104,1.11,1,3.9,2.08,0.84,6.82,0
978,8.34,1,17.55,2.21,4.43,24.19,1
2015,11.7,1,25.84,7.28,3.5,36.62,1
339,1.37,1,5.85,1.3,0.81,7.96,0
695,2.7,1,9.26,0.0,0.78,10.04,0
811,4.94,1,12.19,0.0,1.27,13.46,0
524,2.98,1,8.29,0.0,3.46,11.75,1
1394,6.78,3,17.55,0.0,3.46,21.01,1
1531,8.87,1,20.48,2.86,3.53,26.87,1
474,2.9,1,8.29,1.04,1.2,10.53,0
514,2.49,1,7.8,1.69,0.81,10.3,0
390,1.93,1,6.34,1.43,3.5,11.27,1
951,3.8,1,12.19,0.0,4.44,16.63,1
880,4.51,1,12.19,0.0,0.78,12.97,0
308,1.11,1,4.88,0.0,0.78,5.66,0
1098,6.21,1,14.62,4.55,3.44,22.61,1
376,1.71,2,6.34,0.0,0.78,7.12,0
3213,7.85,1,31.2,0.0,1.76,32.96,0
1387,10.93,1,22.42,5.33,4.48,32.23,1
499,2.72,2,7.8,1.69,0.81,10.3,0
1917,7.95,1,21.94,3.77,3.5,29.21,1
1067,2.54,1,11.7,2.47,0.81,14.98,0
372,2.17,1,6.34,1.56,1.81,9.71,0
1503,4.78,2,16.58,0.0,0.78,17.36,0
388,1.83,1,6.34,0.0,0.78,7.12,0
171,0.64,1,3.9,0.0,0.78,4.68,0
623,2.41,1,8.29,1.82,0.77,10.88,0
421,3.23,1,7.8,1.95,4.0,13.75,1
401,1.66,5,6.34,0.0,0.78,7.12,0
515,1.77,1,6.82,0.0,1.76,8.58,0
655,2.16,1,8.78,0.0,0.78,9.56,0
1415,5.33,1,16.09,3.38,0.77,20.24,0
474,1.9,1,6.82,1.56,0.74,9.12,0
900,9.69,2,18.04,3.9,1.81,23.75,0
348,1.54,1,5.85,0.0,0.78,6.63,0
329,0.82,1,4.88,0.0,0.78,5.66,0
1735,4.35,1,17.55,6.24,3.51,27.3,1
1166,8.21,1,16.58,0.0,3.46,20.04,1
617,1.58,1,6.82,1.04,0.72,8.58,0
423,1.42,1,5.85,0.0,0.78,6.63,0
393,1.74,1,6.34,0.0,1.27,7.61,0
892,6.41,1,13.16,0.0,1.27,14.43,0
1386,6.37,1,16.58,3.51,0.74,20.83,0
928,3.28,1,10.72,0.0,3.46,14.18,1
770,5.25,5,12.19,2.73,1.81,16.73,0
1063,5.29,1,14.62,3.64,3.44,21.7,1
129,0.48,1,3.41,0.0,0.78,4.19,0
845,11.73,1,21.45,5.85,1.71,29.01,0
579,2.41,1,7.8,0.0,0.78,8.58,0
1129,3.73,5,13.16,1.95,3.46,18.57,1
826,7.5,1,15.6,0.0,0.78,16.38,0
453,2.24,1,7.31,1.56,0.84,9.71,0
815,4.76,1,12.19,0.0,1.76,13.95,0
706,2.48,1,8.78,0.0,0.78,9.56,0
512,2.0,1,7.31,2.21,1.81,11.33,0
935,5.15,1,13.16,2.86,3.53,19.55,1
656,2.41,1,8.78,1.95,0.74,11.47,0
1829,6.92,1,19.99,4.68,3.47,28.14,1
476,3.62,1,8.29,2.34,3.47,14.1,1
441,1.48,1,6.34,0.0,0.78,7.12,0
953,5.97,1,13.65,3.38,3.5,20.53,1
221,1.22,1,4.39,1.04,0.77,6.2,0
2358,7.26,1,23.4,2.73,3.42,29.55,1
887,4.35,1,12.19,1.04,0.72,13.95,0
948,4.91,1,13.16,0.0,1.27,14.43,0
1340,12.07,1,23.4,1.95,4.44,29.79,1
209,2.74,1,6.34,0.0,1.27,7.61,0
621,2.77,5,8.29,3.9,1.76,13.95,0
4,0.08,1,2.44,0.0,0.78,3.22,0
1414,7.08,1,17.55,1.04,0.72,19.31,0
321,1.82,2,5.85,0.0,0.78,6.63,0
1780,15.58,1,30.22,6.76,3.44,40.42,1
612,3.81,1,8.78,0.0,1.76,10.54,0
2053,27.04,1,45.82,0.0,0.78,46.6,0
396,2.51,1,7.31,2.86,1.82,11.99,0
187,0.64,1,3.9,0.0,0.78,4.68,0
1110,3.98,1,13.65,3.64,0.75,18.04,0
1938,8.69,1,22.42,7.8,3.42,33.64,1
775,3.22,1,9.75,0.0,1.27,11.02,0
360,0.85,1,5.36,0.0,1.76,7.12,0
1233,3.91,1,13.65,2.6,3.43,19.68,1
1500,12.47,1,23.89,0.0,3.46,27.35,1
1391,7.08,3,17.55,0.0,0.78,18.33,0
180,0.72,1,3.9,0.0,0.78,4.68,0
837,6.95,1,14.62,0.0,0.78,15.4,0
713,3.46,1,9.75,1.43,3.49,14.67,1
400,1.45,1,6.34,0.0,1.76,8.1,0
715,2.43,1,9.26,2.99,0.8,13.05,0
1077,3.93,1,12.68,0.0,1.76,14.44,0
588,1.82,2,7.31,1.82,1.75,10.88,0
932,12.04,1,21.94,0.0,0.78,22.72,0
500,1.42,1,6.82,0.0,0.78,7.6,0
395,2.91,1,7.8,0.0,0.78,8.58,0
410,2.16,2,6.82,1.56,0.74,9.12,0
2349,14.39,6,32.18,7.28,4.48,43.94,1
465,1.95,1,6.82,0.0,0.78,7.6,0
532,1.83,1,6.82,1.04,1.69,9.55,0
284,1.38,1,5.36,0.0,0.78,6.14,0
1052,4.18,1,12.68,2.86,4.5,20.04,1
951,3.7,1,11.21,2.34,0.83,14.38,0
767,3.28,5,9.75,2.21,1.26,13.22,0
3540,28.98,1,54.11,12.74,9.9,76.75,1
568,2.54,1,7.8,0.0,1.76,9.56,0
333,1.85,1,5.85,1.82,3.5,11.17,1
610,2.99,5,8.78,0.0,1.76,10.54,0
820,3.56,3,10.72,2.34,0.74,13.8,0
472,1.9,1,6.82,1.56,0.74,9.12,0
1090,4.83,4,13.65,5.07,3.51,22.23,1
484,2.22,1,7.31,2.73,3.42,13.46,1
528,2.41,1,7.8,2.86,1.33,11.99,0
677,2.41,1,8.78,0.0,0.78,9.56,0
663,2.72,5,8.29,0.0,1.27,9.56,0
366,2.24,6,6.34,0.0,4.44,10.78,1
220,1.38,1,4.88,0.0,0.78,5.66,0
1642,7.35,2,19.99,4.68,3.47,28.14,1
1045,12.31,1,32.18,0.0,1.27,33.45,0
459,2.0,1,6.82,0.0,1.76,8.58,0
770,11.67,1,20.96,4.94,3.41,29.31,1
886,3.06,1,10.24,2.73,0.78,13.75,0
621,3.35,2,9.26,2.08,1.29,12.63,0
2067,5.79,2,20.96,0.0,1.76,22.72,0
686,3.65,1,9.75,0.0,0.78,10.53,0
485,1.16,1,5.85,0.0,1.76,7.61,0
947,4.7,1,13.16,0.0,0.78,13.94,0
1545,5.5,1,17.06,0.0,4.44,21.5,1
1017,6.39,2,14.62,0.0,0.78,15.4,0
550,6.74,1,13.65,2.86,3.53,20.04,1
1626,6.08,2,18.53,5.46,3.5,27.49,1
1015,6.15,1,13.16,2.86,1.29,17.31,0
1008,4.83,2,12.68,3.64,1.72,18.04,0
543,3.3,1,8.78,2.47,3.43,14.68,1
1292,3.38,1,14.14,2.86,3.53,20.53,1
893,5.95,1,12.68,3.25,3.43,19.36,1
656,3.73,1,9.75,0.0,1.27,11.02,0
1349,7.68,2,18.53,4.55,3.89,26.97,1
2403,15.37,1,23.84,0.0,3.46,27.3,1
572,4.39,1,10.72,2.47,1.78,14.97,0
312,1.77,1,5.85,1.17,1.32,8.34,0
1594,5.81,1,18.04,1.95,0.78,20.77,0
679,4.88,1,11.21,0.0,3.46,14.67,1
582,2.8,1,8.29,1.95,1.81,12.05,0
1000,5.31,2,13.16,2.86,1.29,17.31,0
660,4.17,1,9.75,1.3,3.49,14.54,1
822,3.56,1,10.24,0.0,0.78,11.02,0
839,4.8,1,12.68,1.95,3.95,18.58,1
930,3.06,3,10.72,1.95,1.76,14.43,0
1073,6.32,1,14.62,0.0,0.29,14.91,0
1110,5.09,1,14.14,3.51,3.47,21.12,1
255,1.46,1,4.88,0.0,1.27,6.15,0
274,1.46,6,4.88,1.56,1.25,7.69,0
1077,6.98,1,16.58,0.0,0.78,17.36,0
458,2.82,1,7.8,2.21,3.5,13.51,1
2,0.05,1,9.75,2.99,0.32,13.06,0
48,0.11,2,2.44,0.0,1.76,4.2,0
815,3.94,1,11.21,3.12,4.45,18.78,1
759,9.21,1,18.04,4.94,0.72,23.7,0
316,0.89,5,5.36,0.0,0.78,6.14,0
1303,5.79,1,15.6,0.0,0.78,16.38,0
1213,4.67,1,14.62,3.64,3.43,21.69,1
